{"sections":{"main":{"type":"collection-12","settings":{"enable_sidecategory":true,"linkedlist":"site-menu","linkedlist_title":"Category","show_filter":true,"collapse_on_larger_devices":false,"enable_sorting":true,"enable_sidebar_multiple_choice":true,"show_best_products":false,"best_title":"best seller","bestseller":"electronics","pro_img_width_height":"80x104","limit":"6","product_rows":true,"promo_img":"shopify:\/\/shop_images\/left-banner.jpg","promo_link":"#","promo_title":""}}},"order":["main"]}