{"sections":{"slideshow":{"type":"slideshow","blocks":{"1580215063672-0":{"type":"image","settings":{"image":"shopify:\/\/shop_images\/slider-01_186330a2-ff28-49f0-98ff-3af8ff006cbe.jpg","image_link":"#","show_video":false,"video_url":"https:\/\/www.youtube.com\/watch?v=fyPd-Eo0O88","title":"Decorate Your Life With Arts","sub_title":"First Time on Wareshouse Store Sale!","btn_txt":"Shop Now","btn_link":"#","title_color":"#ffffff","subtitle_color":"#111111","btn_bg_color":"#ffffff","btn_txt_color":"#111111","btn_border_color":"#f8d81b","btn_hovertxt_color":"#111111","text_position":"left","text_effect":"left"}},"1580215063672-1":{"type":"image","settings":{"image":"shopify:\/\/shop_images\/slider-02_ccfb7fed-1c11-43f8-b46b-a7a70b956028.jpg","image_link":"#","show_video":false,"video_url":"","title":"Best Furniture At The Best Price","sub_title":"First Time on Wareshouse Store Sale!","btn_txt":"Shop Now","btn_link":"#","title_color":"#ffffff","subtitle_color":"#111111","btn_bg_color":"#ffffff","btn_txt_color":"#111111","btn_border_color":"#f8d81b","btn_hovertxt_color":"#111111","text_position":"left","text_effect":"left"}}},"block_order":["1580215063672-0","1580215063672-1"],"settings":{"slider_animation_type":"fade","slide_button_txt_color":"#ffffff","slide_button_txt_hover_color":"#f8d81b"}},"top-category":{"type":"top-category","blocks":{"6c1d3cc6-0685-45f1-bf01-66c37aacadb0":{"type":"text","settings":{"topcat_url":"shopify:\/\/products\/amber-square-air-shirt","service_icon":"shopify:\/\/shop_images\/01.png","title":"Apparel & Fashion","tt_mn_show_sub":true,"tt_sub_menu_clinklist":"footer-menu-2"}},"9b81100d-ce10-44d8-ab06-ad0fbff91ce9":{"type":"text","settings":{"topcat_url":"shopify:\/\/products\/eye-drops-gouttes-oculaires-lubricating-ophthalmic-solution","service_icon":"shopify:\/\/shop_images\/Baby-_-Child-Care.png","title":"Baby & Child Care","tt_mn_show_sub":false,"tt_sub_menu_clinklist":""}},"d0cc25b8-deae-4caf-bef5-07a13d26c30e":{"type":"text","settings":{"topcat_url":"shopify:\/\/products\/fresh-organics-red-onion","service_icon":"shopify:\/\/shop_images\/Diet-_-Nutrition.png","title":"Diet & Nutrition","tt_mn_show_sub":false,"tt_sub_menu_clinklist":""}},"f3a3d0c8-c0a8-4981-ad71-22af75662f7b":{"type":"text","settings":{"topcat_url":"shopify:\/\/products\/bang-olufsen-beoplay-h4-2nd-gen-wireless-over-ear-headphone","service_icon":"shopify:\/\/shop_images\/Gifts-_-Specialty.png","title":"Gifts & Specialty","tt_mn_show_sub":false,"tt_sub_menu_clinklist":""}},"373ec640-899c-4aa6-80cf-0e01be1a64f5":{"type":"text","settings":{"topcat_url":"shopify:\/\/products\/domestic-gourmet-automatic-espresso-coffee-capsule-machine","service_icon":"shopify:\/\/shop_images\/Home_Electronics.png","title":"Home & Electronics","tt_mn_show_sub":false,"tt_sub_menu_clinklist":""}},"8d98320a-816b-4ec1-8d3d-f5865fd118db":{"type":"text","settings":{"topcat_url":"shopify:\/\/products\/ellen-dining-chair","service_icon":"shopify:\/\/shop_images\/Household-Items.png","title":"Household Items","tt_mn_show_sub":false,"tt_sub_menu_clinklist":""}},"4319a167-cc23-4b12-9530-d3de96a790fa":{"type":"text","settings":{"topcat_url":"shopify:\/\/products\/french-door-refrigerator-in-fingerprint-resistant-stainless-steel","service_icon":"shopify:\/\/shop_images\/Vehicles-_-Accessories.png","title":"Vehicles & Accessories","tt_mn_show_sub":false,"tt_sub_menu_clinklist":""}},"eb56fb3e-e7be-4083-ae46-406c34513c88":{"type":"text","settings":{"topcat_url":"shopify:\/\/collections\/all","service_icon":"shopify:\/\/shop_images\/Other-Departments.png","title":"All Category","tt_mn_show_sub":false,"tt_sub_menu_clinklist":""}}},"block_order":["6c1d3cc6-0685-45f1-bf01-66c37aacadb0","9b81100d-ce10-44d8-ab06-ad0fbff91ce9","d0cc25b8-deae-4caf-bef5-07a13d26c30e","f3a3d0c8-c0a8-4981-ad71-22af75662f7b","373ec640-899c-4aa6-80cf-0e01be1a64f5","8d98320a-816b-4ec1-8d3d-f5865fd118db","4319a167-cc23-4b12-9530-d3de96a790fa","eb56fb3e-e7be-4083-ae46-406c34513c88"],"settings":{"bg_color":"#ffffff","title_color":"#111111","title_hover_color":"#5f9364","more_menu_category":"9","display_barcode":false,"bar_title":"Enjoy Convevient Order Tracking","bar_title_clr":"#333333","bar_desc":"Scan To Download App","bar_desc_clr":"#666666"}},"category-feature":{"type":"category-feature","blocks":{"1622714104fc54d870-0":{"type":"text_collection","settings":{"image_1":"shopify:\/\/shop_images\/furniture-bg_df3d95ac-94c4-4b75-b20c-2914bdd63e33.jpg","collection_title":"Home Furniture","collection_cat_id":"special-furniture","sub_image_1":"shopify:\/\/shop_images\/chair.png","sub_collection_title_1":"Chair","sub_collection_cat_id_1":"","sub_image_2":"shopify:\/\/shop_images\/decor_fd7adfba-1439-47b5-9b28-625040beed36.png","sub_collection_title_2":"Decor","sub_collection_cat_id_2":"","sub_image_3":"shopify:\/\/shop_images\/lighting_0ece4074-38dd-47f5-a91e-94a0254be4fa.png","sub_collection_title_3":"Lighting","sub_collection_cat_id_3":"","sub_image_4":"shopify:\/\/shop_images\/sofa.png","sub_collection_title_4":"Sofa","sub_collection_cat_id_4":""}},"1d0c01a2-d68a-4089-b7a9-024ee2f38fd5":{"type":"text_collection","settings":{"image_1":"shopify:\/\/shop_images\/bg.jpg","collection_title":"Kitchen","collection_cat_id":"special-furniture","sub_image_1":"shopify:\/\/shop_images\/cookers.png","sub_collection_title_1":"Cookers","sub_collection_cat_id_1":"","sub_image_2":"shopify:\/\/shop_images\/grinder.png","sub_collection_title_2":"Juigrinder","sub_collection_cat_id_2":"","sub_image_3":"shopify:\/\/shop_images\/refrigerator.png","sub_collection_title_3":"Refrigerator","sub_collection_cat_id_3":"","sub_image_4":"shopify:\/\/shop_images\/steam-ovens.png","sub_collection_title_4":"Steam-Oven","sub_collection_cat_id_4":""}}},"block_order":["1622714104fc54d870-0","1d0c01a2-d68a-4089-b7a9-024ee2f38fd5"],"settings":{"title":"Shop By Categories","subtitle":"Over 100+ Styles","banner_img":"shopify:\/\/shop_images\/banner-01_9aed7963-7750-4a61-8ed4-e667eeacd31f.jpg","banner_url":"#","banner_title":"Pottery & Ceramics Art","banner_title_color":"#ffffff","image_content_bg_color":"#ffffff","title_color":"#111111","sub_title_color":"#111111","sub_bg_title_color":"#f5f5f5","sub_title_hv_color":"#ffffff","sub_bg_title_hv_color":"#5eaf91"}},"product-tab-model":{"type":"product-tab-model","blocks":{"1595650811758-0":{"type":"text_block","settings":{"title":"New Products","collection":"furniture"}}},"block_order":["1595650811758-0"],"settings":{"product_rows":false,"product_col":"6","title":"Recently Arrived","subtitle":"Recently Arrived","button_text":"#666666","button_hover_text":"#111111","bg_color":"#f1ece8"}},"cms-banner":{"type":"cms-banner","settings":{"banner1_img":"shopify:\/\/shop_images\/banner-02_46e42814-ae74-4fbb-9f7d-12d420208a98.jpg","banner1_url":"#","text1_position":"right","banner1_subtitle":"Weekend Sale","banner1_subtitle_color":"#ffffff","banner1_title":"Flat 25% OFF Decorative items","banner1_title_color":"#ffffff","btn1_text":"Shop Now","btn_link1":"#","btn1_bg_color":"#ffffff","btn1_txt_color":"#222222","btn1_txt_hover_color":"#222222","btn1_bg_hover_color":"#ffcc00","banner2_img":"shopify:\/\/shop_images\/banner-03_1a82d4d4-f96c-40e2-8220-775dce46c370.jpg","banner2_url":"#","text2_position":"right","banner2_subtitle":"Best Selling","banner2_subtitle_color":"#ffffff","banner2_title":"Home Decorate  Plant & Trees","banner2_title_color":"#ffffff","btn2_text":"Shop Now","btn_link2":"#","btn2_bg_color":"#ffffff","btn2_txt_color":"#222222","btn2_txt_hover_color":"#222222","btn2_bg_hover_color":"#222222"}},"special-product":{"type":"special-product","settings":{"title":"Deals of the Day","subtitle":"Black Friday Sale","class":"specialproduct","offer_title":"Best Selling","collection":"special-furniture"}},"best-seller":{"type":"best-seller","settings":{"class":"bestproduct","product_rows":true,"title":"Best Selling","subtitle":"","collection":"special-furniture","product_col":"4"}},"1654068045d3bd77dc":{"type":"cms-banner","settings":{"banner1_img":"shopify:\/\/shop_images\/banner-04_4b88f2d1-c61e-483c-ae0f-1d3395f136c4.jpg","banner1_url":"","text1_position":"right","banner1_subtitle":"Weekend Sale","banner1_subtitle_color":"#ffffff","banner1_title":"Best furniture at the best price","banner1_title_color":"#ffffff","btn1_text":"Shop Now","btn_link1":"","btn1_bg_color":"#ffffff","btn1_txt_color":"#222222","btn1_txt_hover_color":"#222222","btn1_bg_hover_color":"#ffcc00","banner2_img":"shopify:\/\/shop_images\/banner-05_4b3de3d9-bb3b-4d3f-b047-9bb0b3959ac4.jpg","banner2_url":"","text2_position":"right","banner2_subtitle":"up to 50% off best selling","banner2_subtitle_color":"#ffffff","banner2_title":"Decorate your life with arts","banner2_title_color":"#ffffff","btn2_text":"Shop Now","btn_link2":"","btn2_bg_color":"#ffffff","btn2_txt_color":"#222222","btn2_txt_hover_color":"#222222","btn2_bg_hover_color":"#ffcc00"}},"16540680501b683d61":{"type":"product-tab-model","blocks":{"16540680507926a085-0":{"type":"text_block","settings":{"title":"Tab Name","collection":"furniture"}}},"block_order":["16540680507926a085-0"],"settings":{"product_rows":false,"product_col":"6","title":"Featured products","subtitle":"Checkout Whats New","button_text":"#222222","button_hover_text":"#ffffff","bg_color":"#222222"}},"feature-blogs":{"type":"feature-blogs","settings":{"subtitle":"From the blog posts","subtitle_color":"#666666","title":"Latest News","blog":"furniture","blog_design":"design_2","product_col":"4","post_limit":"5","blog_btn_text":"#111111","blog_btn_hover_bg":"#ffcc00","blog_hover_btn_text":"#222222","blog_date_color":"#ffffff","blog_bgdate_color":"#5eaf91","show_view_all":false,"blog_show_date":true}},"our_brand":{"type":"our_brand","blocks":{"1605783755d6d9f598-0":{"type":"brand_image","settings":{"image":"shopify:\/\/shop_images\/01_a3356440-7c7f-49fd-a136-8e5e9d5507ac.png","link":"#"}},"1605783755d6d9f598-1":{"type":"brand_image","settings":{"image":"shopify:\/\/shop_images\/02_3bcaeb70-a2ba-40c3-a15c-6c4d84d4435d.png","link":"#"}},"1605783755d6d9f598-2":{"type":"brand_image","settings":{"image":"shopify:\/\/shop_images\/03_8663e342-8095-4896-bd00-3ee4ff64d31b.png","link":"#"}},"1605783755d6d9f598-3":{"type":"brand_image","settings":{"image":"shopify:\/\/shop_images\/04_0fd7e6f2-a28f-4283-a45e-c1b553331088.png","link":"#"}},"1605783755d6d9f598-4":{"type":"brand_image","settings":{"image":"shopify:\/\/shop_images\/05_2bd5e3dc-bb53-40e9-a1e7-6f3d5340af40.png","link":"#"}},"1605783755d6d9f598-5":{"type":"brand_image","settings":{"image":"shopify:\/\/shop_images\/06_9ec90ff6-8627-4886-8c2f-95f085bc74f1.png","link":"#"}},"fe3f5195-5da5-4a16-b714-43fb3e5da4bd":{"type":"brand_image","settings":{"image":"shopify:\/\/shop_images\/07_32c33237-7c13-4bf0-9caa-0f4bd364975a.png","link":"#"}}},"block_order":["1605783755d6d9f598-0","1605783755d6d9f598-1","1605783755d6d9f598-2","1605783755d6d9f598-3","1605783755d6d9f598-4","1605783755d6d9f598-5","fe3f5195-5da5-4a16-b714-43fb3e5da4bd"],"settings":{"addclass":"brands","bg_color":"#ffffff","title":"Shop By Brands","subtitle":"Over 1000+ Brands"}}},"order":["slideshow","top-category","category-feature","product-tab-model","cms-banner","special-product","best-seller","1654068045d3bd77dc","16540680501b683d61","feature-blogs","our_brand"]}