{"wrapper":"div.container","sections":{"main":{"type":"aboutus-page-img","settings":{"about1_title_color":"#222222","about1_title":"Fruit and vegetables for good health","about1_desc_color":"#666666","about1_desc":"Fruits and vegetables contain many vitamins and minerals that are good for your health. These include vitamins A (beta-carotene), C and E, magnesium, zinc, phosphorous and folic acid. Folic acid may reduce blood levels of homocysteine, a substance that may be a risk factor for coronary heart disease.","about_icon_color":"#111111","about_title_icon_color":"#666666","about_title_icon1":"Lower your cholesterol","about_title_icon2":"Healthy weight","about_title_icon3":"Lower your blood pressure.","about_title_icon4":"Reduce obesity","about1_btn_url":"#","about1_btn":"Shop Now","about1_us":"shopify:\/\/shop_images\/about-us-01_3c3741bd-46d6-4e70-af96-4ad1aa910ea2.jpg","bg_color":"#f2f3f7","service_1":"shopify:\/\/shop_images\/1_89887b55-0246-413a-9042-26fcb50c2a70.png","service_title1_color":"#5eaf91","service_title1":"Free Shipping","service_desc1_color":"#777777","service_desc1":"Excepteur sint occaecat cupidatat non proident,   sunt in culpa qui officia deserunt mollit anim id  est laborum.","service_2":"shopify:\/\/shop_images\/02_50x50_8d1ad8ec-fde6-4ca7-baff-aa17ec739b44.png","service_title2_color":"#5eaf91","service_title2":"Big Saving Shop","service_desc2_color":"#777777","service_desc2":"Excepteur sint occaecat cupidatat non proident,   sunt in culpa qui officia deserunt mollit anim id  est laborum.","service_3":"shopify:\/\/shop_images\/01_50x50_7afb4112-4784-4d46-a348-20f4c94b521b.png","service_title3_color":"#5eaf91","service_title3":"24H 7D Support","service_desc3_color":"#777777","service_desc3":"Excepteur sint occaecat cupidatat non proident,   sunt in culpa qui officia deserunt mollit anim id  est laborum.","about_main_title":"Blog","about_title_color":"#111111","about_desc_color":"#666666","about_img1":"shopify:\/\/shop_images\/01_f3d74c27-364d-4865-bd38-fee45b9c7800.jpg","about_title1":"Decorating a Rustic Home","about_desc1":"Furniture consists of large movable objects such as tables, chairs, or beds that are used in a room for sitting or lying on, or for putting things on or in.","about_img2":"shopify:\/\/shop_images\/02_77d69bd4-2338-4b9a-af40-c22220681d48.jpg","about_title2":"7 Thoughts On Simplifying Your Furniture","about_desc2":"Furniture consists of large movable objects such as tables, chairs, or beds that are used in a room for sitting or lying on, or for putting things on or in.","about_img3":"shopify:\/\/shop_images\/03_c6d0dc48-3ef5-48b3-bcb2-640a680e749f.jpg","about_title3":"My House Designed In Wood","about_desc3":"Furniture consists of large movable objects such as tables, chairs, or beds that are used in a room for sitting or lying on, or for putting things on or in.","video_img":"shopify:\/\/shop_images\/about-us-02_9357cdff-7cca-4fea-8f61-7adeab27fdab.jpg","video_url":"https:\/\/www.youtube.com\/embed\/RXtG-FcNplo","video_btn_color":"#ffffff","video_btn_hover_color":"#222222","video_btn_bg_color":"#5eaf91","video_btn_bg_hover_color":"#ffcc00"}},"team":{"type":"aboutus-team","blocks":{"1570173823217":{"type":"text","settings":{"image_1":"shopify:\/\/shop_images\/04.jpg","image_heading":"Lisa John","author_name":"Lisa John","author_designation":"Packaking Girl","facebook":"","twitter":"","instagram":""}},"1570173875415":{"type":"text","settings":{"image_1":"shopify:\/\/shop_images\/01_9190de19-2ae1-4e50-9328-7651772f7d3f.jpg","image_heading":"John Buffer","author_name":"John Buffer","author_designation":"Ceo Founder","facebook":"","twitter":"","instagram":""}},"1570173906227":{"type":"text","settings":{"image_1":"shopify:\/\/shop_images\/05.jpg","image_heading":"Sandra Ellips","author_name":"Sandra Ellips","author_designation":"Support Boss","facebook":"","twitter":"","instagram":""}},"1570174004731":{"type":"text","settings":{"image_1":"shopify:\/\/shop_images\/02_e8003bcc-e1c5-4f01-b43b-3a4e78a7b63d.jpg","image_heading":"Craig Wilson","author_name":"Craig Wilson","author_designation":"Client Care","facebook":"","twitter":"","instagram":""}},"1570173938187":{"type":"text","settings":{"image_1":"shopify:\/\/shop_images\/08.jpg","image_heading":"Sally Ramsey","author_name":"Sally Ramsey","author_designation":"Delivery Driver","facebook":"","twitter":"","instagram":""}},"1570174049687":{"type":"text","settings":{"image_1":"shopify:\/\/shop_images\/03_6c0b88cc-0b05-4c99-9c4d-6ca6f56b5f08.jpg","image_heading":"Willie Bradley","author_name":"Willie Bradley","author_designation":"manager","facebook":"","twitter":"","instagram":""}}},"block_order":["1570173823217","1570173875415","1570173906227","1570174004731","1570173938187","1570174049687"],"settings":{"subtitle":"Team Member","subtitle_color":"#777777","title":"Our Team","title_color":"#222222","ourteam_column":"5"}}},"order":["main","team"]}