[{"name":"theme_info","theme_name":"Pop","theme_author":"Shopify","theme_version":"3.0.4","theme_documentation_url":"https:\/\/docs.shopify.com\/manual\/more\/official-shopify-themes\/pop","theme_support_url":"https:\/\/support.shopify.com\/"},{"name":"Pre-Loader","settings":[{"type":"header","content":"Pre-loader"},{"type":"checkbox","id":"display_preloader","label":"Dispaly Pre-Loader"},{"type":"image_picker","id":"pre_loader_img","label":"Upload Pre-loader image"},{"type":"color","id":"preloader_bg","label":"Pre-loader Background Color","default":"#fff"}]},{"name":"Colors","settings":[{"type":"header","content":"General"},{"type":"checkbox","id":"display_sticky","label":"Dispaly sticky content"},{"type":"color","id":"color_body_bg","label":"Body background"},{"type":"color","id":"color_body_text","label":"Body text","default":"#333333"},{"type":"color","id":"price_color","label":"Price Color","default":"#f12a43"},{"type":"color","id":"color_accent","label":"Link color","default":"#555555"},{"type":"color","id":"link_hover_color","label":"Link Hover colors","default":"#222222"},{"type":"color","id":"title_color","label":"Title colors","default":"#222222"},{"type":"color","id":"subtitle_color","label":"Subtitle colors","default":"#222222"},{"type":"color","id":"color_borders","label":"Borders","default":"#e5e5e5"},{"type":"color","id":"meta_color","label":"Meta color","default":"#ff2525"},{"type":"header","content":"Buttons"},{"type":"color","id":"color_btn_primary","label":"Button background color","default":"#222222"},{"type":"color","id":"color_btn_secondary","label":"Button background hover color","default":"#ff2525"},{"type":"color","id":"color_btn_text","label":"Button text","default":"#ffffff"},{"type":"color","id":"color_btn_hover_text","label":"Button Hover text","default":"#ffffff"},{"type":"header","content":"Product buttons"},{"type":"color","id":"icon_background_color","label":"Icon Background color","default":"#ffffff"},{"type":"color","id":"icon_background_hovercolor","label":"Icon Background hover color","default":"#ffffff"},{"type":"color","id":"icon_color","label":"Product icon color","default":"#000"},{"type":"color","id":"icon_hovercolor","label":"Product icon hover color","default":"#fff"},{"type":"header","content":"Footer"},{"type":"color","id":"color_footer_social_link","label":"Social icons","default":"#878787"},{"type":"color","id":"color_footer_social_link_hover","label":"Social icons hover color","default":"#d9263c"},{"type":"color","id":"color_footer_bg","label":"Footer Background Color","default":"#171717"},{"type":"color","id":"color_copyright_bg","label":"Footer Bottom Background Color","default":"#000000"},{"type":"color","id":"bottom_text_color","label":"Footer Bottom text Color","default":"#000000"},{"type":"color","id":"bottom_text_linkcolor","label":"Footer Bottom text Link Color","default":"#ffffff"},{"type":"color","id":"footer_title_color","label":"Footer title Color","default":"#ffffff"},{"type":"color","id":"footer_border_color","label":"Footer Border Color","default":"#1e1e1e"},{"type":"color","id":"footer_color_content","label":"Footer Content Color","default":"#878787"}]},{"name":"Typography","settings":[{"type":"header","content":"Body"},{"type":"select","id":"body_font","label":"Body text font","options":[{"value":"Google+Arvo","label":"Arvo","group":"Google Web Fonts"},{"value":"Google+Asap","label":"Asap","group":"Google Web Fonts"},{"value":"Google+Cabin","label":"Cabin","group":"Google Web Fonts"},{"value":"Google+Copse","label":"Copse","group":"Google Web Fonts"},{"value":"Google+Droid+Sans","label":"Droid Sans","group":"Google Web Fonts"},{"value":"Google+Droid+Serif","label":"Droid Serif","group":"Google Web Fonts"},{"value":"Google+Gentium+Book+Basic","label":"Gentium Book Basic","group":"Google Web Fonts"},{"value":"Google+Josefin+Slab","label":"Josefin Slab","group":"Google Web Fonts"},{"value":"Google+Josefin+Sans","label":"Josefin Sans","group":"Google Web Fonts"},{"value":"Google+Kreon","label":"Kreon","group":"Google Web Fonts"},{"value":"Google+Lato","label":"Lato","group":"Google Web Fonts"},{"value":"Google+Montserrat","label":"Montserrat","group":"Google Web Fonts"},{"value":"Google+Merriweather","label":"Merriweather","group":"Google Web Fonts"},{"value":"Google+Old+Standard+TT","label":"Old Standard TT","group":"Google Web Fonts"},{"value":"Google+Open+Sans","label":"Open Sans","group":"Google Web Fonts"},{"value":"Google+Oswald","label":"Oswald","group":"Google Web Fonts"},{"value":"Google+Raleway","label":"Raleway","group":"Google Web Fonts"},{"value":"Google+ProximaNovaLight","label":"Proxima Nova","group":"Google Web Fonts"},{"value":"Google+Prata","label":"Prata","group":"Google Web Fonts"},{"value":"Helvetica, Arial, sans-serif","label":"Helvetica\/Arial","group":"Sans-serif"},{"value":"Impact, Charcoal, Helvetica, Arial, sans-serif","label":"Impact","group":"Sans-serif"},{"value":"'Lucida Grande', 'Lucida Sans Unicode', 'Lucida Sans', Lucida, Helvetica, Arial, sans-serif","label":"Lucida Grande","group":"Sans-serif"},{"value":"Google+Poppins","label":"Poppins","group":"Sans-serif"},{"value":"Google+Roboto","label":"Roboto","group":"Sans-serif"},{"value":"Google+Jost","label":"Jost","group":"Sans-serif"},{"value":"Google+Source+Sans+Pro","label":"Source Sans Pro","group":"Sans-serif"},{"value":"Google+Mulish","label":"Mulish","group":"Sans-serif"},{"value":"Google+Roboto+Condensed","label":"Roboto Condensed","group":"Sans-serif"},{"value":"Google+Roboto+Slab","label":"Roboto Slab","group":"Sans-serif"},{"value":"Google+Rubik","label":"Rubik","group":"Sans-serif"},{"value":"Trebuchet MS, sans-serif","label":"Trebuchet MS","group":"Sans-serif"},{"value":"Verdana, Helvetica, Arial, sans-serif","label":"Verdana","group":"Sans-serif"},{"value":"Garamond, Baskerville, Caslon, serif","label":"Garamond","group":"Serif"},{"value":"Georgia, Utopia, 'Times New Roman', Times, serif","label":"Georgia","group":"Serif"},{"value":"Palatino, 'Palatino Linotype', 'Book Antiqua', serif","label":"Palatino","group":"Serif"},{"value":"Google+Playfair+Display","label":"Playfair Display","group":"Serif"},{"value":"'Times New Roman', Times, serif","label":"Times New Roman","group":"Serif"},{"value":"'Courier New', Courier, monospace","label":"Courier New","group":"Monospace"},{"value":"Monaco, 'Lucida Console', 'DejaVu Sans Mono', monospace","label":"Monaco\/Lucida Console","group":"Monospace"},{"value":"montserratregular","label":"Montserrat Regular","group":"Custom"},{"value":"montserratlight","label":"Montserrat Light","group":"Custom"},{"value":"montserratsemi_bold","label":"Montserrat Semi Bold","group":"Custom"},{"value":"montserratbold","label":"Montserrat Bold","group":"Custom"},{"value":"futura_md_btmedium","label":"Futura Medium","group":"Custom"},{"value":"futura_bk_btbook","label":"Futura Book","group":"Custom"}]},{"type":"select","id":"type_base_size","label":"Body font size","options":[{"value":"12px","label":"12px"},{"value":"13px","label":"13px"},{"value":"14px","label":"14px"},{"value":"15px","label":"15px"},{"value":"16px","label":"16px"},{"value":"17px","label":"17px"},{"value":"18px","label":"18px"}]},{"type":"select","id":"line_height","label":"Body Text Line Height","options":[{"value":"14px","label":"14px"},{"value":"16px","label":"16px"},{"value":"18px","label":"18px"},{"value":"20px","label":"20px"},{"value":"22px","label":"22px"}]},{"type":"select","id":"letter_space","label":"Body Text Letter Spacing","options":[{"value":"0px","label":"0px"},{"value":"1px","label":"1px"},{"value":"2px","label":"2px"}]},{"type":"header","content":"Heading"},{"type":"select","id":"type_header_family","label":"Heading font","options":[{"value":"Google+Arvo","label":"Arvo","group":"Google Web Fonts"},{"value":"Google+Asap","label":"Asap","group":"Google Web Fonts"},{"value":"Google+Cabin","label":"Cabin","group":"Google Web Fonts"},{"value":"Google+Copse","label":"Copse","group":"Google Web Fonts"},{"value":"Google+Dosis","label":"Dosis","group":"Google Web Fonts"},{"value":"Google+Droid+Sans","label":"Droid Sans","group":"Google Web Fonts"},{"value":"Google+Droid+Serif","label":"Droid Serif","group":"Google Web Fonts"},{"value":"Google+Gentium+Book+Basic","label":"Gentium Book Basic","group":"Google Web Fonts"},{"value":"Google+Josefin+Slab","label":"Josefin Slab","group":"Google Web Fonts"},{"value":"Google+Josefin+Sans","label":"Josefin Sans","group":"Google Web Fonts"},{"value":"Google+Kreon","label":"Kreon","group":"Google Web Fonts"},{"value":"Google+Lato","label":"Lato","group":"Google Web Fonts"},{"value":"Google+Montserrat","label":"Montserrat","group":"Google Web Fonts"},{"value":"Google+Merriweather","label":"Merriweather","group":"Google Web Fonts"},{"value":"Google+Old+Standard+TT","label":"Old Standard TT","group":"Google Web Fonts"},{"value":"Google+Open+Sans","label":"Open Sans","group":"Google Web Fonts"},{"value":"Google+Oswald","label":"Oswald","group":"Google Web Fonts"},{"value":"Google+Jost","label":"Jost","group":"Sans-serif"},{"value":"Google+Raleway","label":"Raleway","group":"Google Web Fonts"},{"value":"Google+ProximaNovaLight","label":"Proxima Nova","group":"Google Web Fonts"},{"value":"Google+Prata","label":"Prata","group":"Google Web Fonts"},{"value":"Helvetica, Arial, sans-serif","label":"Helvetica\/Arial","group":"Sans-serif"},{"value":"Impact, Charcoal, Helvetica, Arial, sans-serif","label":"Impact","group":"Sans-serif"},{"value":"'Lucida Grande', 'Lucida Sans Unicode', 'Lucida Sans', Lucida, Helvetica, Arial, sans-serif","label":"Lucida Grande","group":"Sans-serif"},{"value":"Google+Roboto","label":"Roboto","group":"Sans-serif"},{"value":"Google+Mulish","label":"Mulish","group":"Sans-serif"},{"value":"Google+Poppins","label":"Poppins","group":"Sans-serif"},{"value":"Google+Roboto+Condensed","label":"Roboto Condensed","group":"Sans-serif"},{"value":"Google+Roboto+Slab","label":"Roboto Slab","group":"Sans-serif"},{"value":"Google+Rubik","label":"Rubik","group":"Sans-serif"},{"value":"Montserrat, sans-serif","label":"Montserrat","group":"Sans-serif"},{"value":"Trebuchet MS, sans-serif","label":"Trebuchet MS","group":"Sans-serif"},{"value":"Google+Source+Sans+Pro","label":"Source Sans Pro","group":"Sans-serif"},{"value":"Verdana, Helvetica, Arial, sans-serif","label":"Verdana","group":"Sans-serif"},{"value":"Garamond, Baskerville, Caslon, serif","label":"Garamond","group":"Serif"},{"value":"Georgia, Utopia, 'Times New Roman', Times, serif","label":"Georgia","group":"Serif"},{"value":"Palatino, 'Palatino Linotype', 'Book Antiqua', serif","label":"Palatino","group":"Serif"},{"value":"Google+Playfair+Display","label":"Playfair Display","group":"Serif"},{"value":"'Times New Roman', Times, serif","label":"Times New Roman","group":"Serif"},{"value":"'Courier New', Courier, monospace","label":"Courier New","group":"Monospace"},{"value":"Monaco, 'Lucida Console', 'DejaVu Sans Mono', monospace","label":"Monaco\/Lucida Console","group":"Monospace"},{"value":"montserratregular","label":"Montserrat Regular","group":"Custom"},{"value":"montserratlight","label":"Montserrat Light","group":"Custom"},{"value":"montserratsemi_bold","label":"Montserrat Semi Bold","group":"Custom"},{"value":"montserratbold","label":"Montserrat Bold","group":"Custom"},{"value":"futura_md_btmedium","label":"Futura Medium","group":"Custom"},{"value":"futura_bk_btbook","label":"Futura Book","group":"Custom"}]},{"type":"header","content":"Sub Heading"},{"type":"select","id":"type_subheader_family","label":" Sub Heading font","options":[{"value":"Google+Arvo","label":"Arvo","group":"Google Web Fonts"},{"value":"Google+Asap","label":"Asap","group":"Google Web Fonts"},{"value":"Google+Cabin","label":"Cabin","group":"Google Web Fonts"},{"value":"Google+Copse","label":"Copse","group":"Google Web Fonts"},{"value":"Google+Dosis","label":"Dosis","group":"Google Web Fonts"},{"value":"Google+Droid+Sans","label":"Droid Sans","group":"Google Web Fonts"},{"value":"Google+Droid+Serif","label":"Droid Serif","group":"Google Web Fonts"},{"value":"Google+Gentium+Book+Basic","label":"Gentium Book Basic","group":"Google Web Fonts"},{"value":"Google+Josefin+Slab","label":"Josefin Slab","group":"Google Web Fonts"},{"value":"Google+Josefin+Sans","label":"Josefin Sans","group":"Google Web Fonts"},{"value":"Google+Jost","label":"Jost","group":"Sans-serif"},{"value":"Google+Kreon","label":"Kreon","group":"Google Web Fonts"},{"value":"Google+Lato","label":"Lato","group":"Google Web Fonts"},{"value":"Google+Montserrat","label":"Montserrat","group":"Google Web Fonts"},{"value":"Google+Merriweather","label":"Merriweather","group":"Google Web Fonts"},{"value":"Google+Old+Standard+TT","label":"Old Standard TT","group":"Google Web Fonts"},{"value":"Google+Open+Sans","label":"Open Sans","group":"Google Web Fonts"},{"value":"Google+Oswald","label":"Oswald","group":"Google Web Fonts"},{"value":"Google+Raleway","label":"Raleway","group":"Google Web Fonts"},{"value":"Google+ProximaNovaLight","label":"Proxima Nova","group":"Google Web Fonts"},{"value":"Google+Prata","label":"Prata","group":"Google Web Fonts"},{"value":"Helvetica, Arial, sans-serif","label":"Helvetica\/Arial","group":"Sans-serif"},{"value":"Impact, Charcoal, Helvetica, Arial, sans-serif","label":"Impact","group":"Sans-serif"},{"value":"'Lucida Grande', 'Lucida Sans Unicode', 'Lucida Sans', Lucida, Helvetica, Arial, sans-serif","label":"Lucida Grande","group":"Sans-serif"},{"value":"Google+Roboto","label":"Roboto","group":"Sans-serif"},{"value":"Google+Mulish","label":"Mulish","group":"Sans-serif"},{"value":"Google+Poppins","label":"Poppins","group":"Sans-serif"},{"value":"Google+Roboto+Condensed","label":"Roboto Condensed","group":"Sans-serif"},{"value":"Google+Roboto+Slab","label":"Roboto Slab","group":"Sans-serif"},{"value":"Google+Rubik","label":"Rubik","group":"Sans-serif"},{"value":"Montserrat, sans-serif","label":"Montserrat","group":"Sans-serif"},{"value":"Trebuchet MS, sans-serif","label":"Trebuchet MS","group":"Sans-serif"},{"value":"Google+Source+Sans+Pro","label":"Source Sans Pro","group":"Sans-serif"},{"value":"Verdana, Helvetica, Arial, sans-serif","label":"Verdana","group":"Sans-serif"},{"value":"Garamond, Baskerville, Caslon, serif","label":"Garamond","group":"Serif"},{"value":"Georgia, Utopia, 'Times New Roman', Times, serif","label":"Georgia","group":"Serif"},{"value":"Palatino, 'Palatino Linotype', 'Book Antiqua', serif","label":"Palatino","group":"Serif"},{"value":"Google+Playfair+Display","label":"Playfair Display","group":"Serif"},{"value":"'Times New Roman', Times, serif","label":"Times New Roman","group":"Serif"},{"value":"'Courier New', Courier, monospace","label":"Courier New","group":"Monospace"},{"value":"Monaco, 'Lucida Console', 'DejaVu Sans Mono', monospace","label":"Monaco\/Lucida Console","group":"Monospace"},{"value":"montserratregular","label":"Montserrat Regular","group":"Custom"},{"value":"montserratlight","label":"Montserrat Light","group":"Custom"},{"value":"montserratsemi_bold","label":"Montserrat Semi Bold","group":"Custom"},{"value":"montserratbold","label":"Montserrat Bold","group":"Custom"},{"value":"futura_md_btmedium","label":"Futura Medium","group":"Custom"},{"value":"futura_bk_btbook","label":"Futura Book","group":"Custom"}]}]},{"name":"Favicon","settings":[{"type":"image_picker","id":"favicon","label":"Favicon image","info":"Will be scaled down to 32 x 32px"}]},{"name":"Category Banner","settings":[{"type":"checkbox","id":"enable_category_image","label":"Enable Category Image"},{"type":"image_picker","id":"category_image","label":"category Banner image"}]},{"name":"Breadcrumb Settings","settings":[{"type":"color","id":"breadcrumb_bg_color","label":"Breadcrumb Background Color","default":"#000000"},{"type":"color","id":"breadcrumb_text_color","label":"Breadcrumb Text Color","default":"#ffffff"},{"type":"color","id":"breadcrumb_hover_text_color","label":"Breadcrumb Text Hover Color","default":"#ffffff"}]},{"name":"Header","settings":[{"type":"select","id":"header_style_1","label":"Header Style","options":[{"value":"style_1","label":"Header 1"},{"value":"style_2","label":"Header 2"},{"value":"style_3","label":"Header 3"}]}]},{"name":"Newsletter","settings":[{"type":"header","content":"Newsletter Widget"},{"type":"text","id":"mailchimp_form_action","label":"MailChimp form action URL","info":"[Where do I find my MailChimp form action URL?](https:\/\/help.shopify.com\/manual\/using-themes\/change-the-layout\/theme-newsletter#add-a-mailchimp-newsletter-form-to-your-store-non-sectioned-themes-specific)"}]},{"name":"Popup Newsletter","settings":[{"type":"paragraph","content":"After close popup next show will be after 1 minute. If set \"DON'T SHOW THIS POPUP AGAIN\" next show will be after 7 days."},{"type":"checkbox","id":"popup_newsletter_show","label":"Show Popup Newsletter","default":false},{"type":"text","id":"newsletter_title","label":"newsletter"},{"type":"image_picker","id":"logo","label":"News logo"},{"type":"text","id":"popup_newsletter_description","label":"Description"},{"type":"text","id":"popup_newsletter_subtitle","label":"subtitle"},{"type":"paragraph","content":"\"MailChimp form action URL\" You can find in tab \"Newsletter\""},{"type":"header","content":"Time Settings"},{"type":"text","id":"popup_newsletter_delay_first","label":"Delay before current show","info":"Time in milliseconds. Integer","default":"2000"},{"type":"text","id":"popup_newsletter_delay","label":"Delay before next show","info":"Time in minutes. Integer","default":"1"}]},{"name":"Money options","settings":[{"type":"checkbox","id":"enable_multiple_currencies","label":"Allow shopper to see prices in his own currency?"},{"type":"text","id":"currency_1_unit","label":"Currency 1 unit Text","default":"USD"},{"type":"image","id":"currency_1.png","label":"Flag","info":"Size: 16x11"},{"type":"text","id":"currency_2_unit","label":"Currency 2 unit Text","default":"EUR"},{"type":"image","id":"currency_2.png","label":"Flag","info":"Size: 16x11"},{"type":"text","id":"currency_3_unit","label":"Currency 3 unit Text","default":"GBP"},{"type":"image","id":"currency_3.png","label":"Flag","info":"Size: 16x11"},{"type":"text","id":"currency_4_unit","label":"Currency 4 unit Text","default":"AUD"},{"type":"image","id":"currency_4.png","label":"Flag","info":"Size: 16x11"},{"type":"text","id":"currency_5_unit","label":"Currency 5 unit Text","default":"INR"},{"type":"image","id":"currency_5.png","label":"Flag","info":"Size: 16x11"},{"type":"text","id":"currency_6_unit","label":"Currency 6 unit Text","default":"JPY"},{"type":"image","id":"currency_6.png","label":"Flag","info":"Size: 16x11"},{"type":"text","id":"currency_7_unit","label":"Currency 7 unit Text","default":"CAD"},{"type":"image","id":"currency_7.png","label":"Flag","info":"Size: 16x11"},{"type":"text","id":"currency_8_unit","label":"Currency 8 unit Text","default":"CNY"},{"type":"image","id":"currency_8.png","label":"Flag","info":"Size: 16x11"},{"type":"text","id":"currency_9_unit","label":"Currency 9 unit Text","default":"AED"},{"type":"image","id":"currency_9.png","label":"Flag","info":"Size: 16x11"},{"type":"text","id":"currency_10_unit","label":"Currency 10 unit Text","default":"RUB"},{"type":"image","id":"currency_10.png","label":"Flag","info":"Size: 16x11"},{"type":"paragraph","content":"Separate your currency codes with a space. Use the ISO 4217 3-letter currency code. Click [here](http:\/\/www.xe.com\/iso4217.php) for a complete list of currency codes. Example: CAD USD."},{"type":"paragraph","content":"* For this functionality to work in your shop, you are required to edit your money formats as per [these instructions](http:\/\/wiki.shopify.com\/How_to_Show_Multiple_Currencies#Do_tell_where_the_money_is) (“Do tell where the money is”)."}]},{"name":"Collection page","settings":[{"type":"checkbox","id":"collections_show_rating","label":"Show product Rating","default":true},{"type":"checkbox","id":"sale_show_percentage","label":"Show product Sale Percentage","default":true},{"type":"checkbox","id":"collections_view_enable","label":"Enable collection view","default":true},{"type":"checkbox","id":"collections_masonry","label":"Enable collection Masonry view"},{"type":"checkbox","id":"enable_quick_view","label":"Enable quick view","default":true},{"type":"checkbox","id":"enable_add_cart","label":"Enable Add to cart","default":true},{"type":"checkbox","id":"enable_wishlist","label":"Enable wishlist","default":true},{"type":"checkbox","id":"enable_compare","label":"Enable compare","default":true},{"type":"checkbox","id":"enable_quantity","label":"Enable Quantity","default":true},{"type":"checkbox","id":"enable_countdown","label":"Enable Coundown","default":true},{"type":"checkbox","id":"display_color_variant","label":"Display Color Variant"},{"type":"checkbox","id":"display_size_variant","label":"Display Size Variant"},{"type":"checkbox","id":"show_vendor","label":"Show product vendor"},{"type":"checkbox","id":"collection_infinite_scroll","label":"Display Load more"},{"type":"select","id":"collection_products_per_row","label":"Products per row","options":[{"value":"2","label":"2"},{"value":"3","label":"3"},{"value":"4","label":"4"},{"value":"5","label":"5"},{"value":"6","label":"6"}]},{"type":"number","id":"products_per_page","label":"Products per page","default":20},{"type":"select","id":"collection_sidebar_use","label":"Collection Sidebar","default":"left_sidebar","options":[{"value":"left_sidebar","label":"Left Sidebar"},{"value":"right_sidebar","label":"Right Sidebar"},{"value":"full_width","label":"Full Width"}]},{"type":"select","id":"collection_filter_pos","label":"For Full Width (Collection Sidebar) Only","default":"left_filter","options":[{"value":"left_filter","label":"Left Filter"},{"value":"right_filter","label":"Right Filter"},{"value":"toggle_filter","label":"Toggle Filter"}]}]},{"name":"All Collection Page Settings","settings":[{"type":"select","id":"Collection_type","label":"Show Product in list Coleection or Category","default":"show_products","options":[{"value":"show_category","label":"Show All Categories"},{"value":"show_products","label":"Show Category Products"}]},{"type":"select","id":"collection_grid_column","label":"Collection Grid column","default":"3","options":[{"value":"3","label":"3 Column"},{"value":"4","label":"4 Column"}]}]},{"name":"Product Grid Settings","settings":[{"type":"text","id":"product_image_width_height","default":"270x270","label":"Product Grid image width and height (widthxheight) format"},{"type":"select","id":"product_hover_btn","label":"Product Hover Effect","default":"style1","options":[{"value":"style1","label":"Style 1"},{"value":"style2","label":"Style 2"},{"value":"style3","label":"Style 3"}]}]},{"name":"Product Page Settings","settings":[{"type":"header","content":"Related Products"},{"type":"text","id":"related_title","label":"Related Product Title"},{"type":"text","id":"related_subtitle","label":"Related Product Subtitle"},{"type":"color","id":"related_title_color","label":"Related Product Title Color"},{"type":"color","id":"related_subtitle_color","label":"Related Product Subtitle Color"}]},{"name":"Cart setting","settings":[{"type":"checkbox","id":"cart_notes_enable","label":"Enable order notes"},{"type":"checkbox","id":"use_ajax_cart","label":"Enable ajax cart","default":true}]},{"name":"Blog Sidebar","settings":[{"type":"checkbox","id":"show_recent_articles","label":"Show Recent Articles","default":true},{"type":"checkbox","id":"show_recent_articles_img","label":"Show Recent Articles Image","default":true},{"type":"number","id":"blog_article_limit","label":"Article limit","default":6},{"type":"checkbox","id":"show_blog_tags","label":"Show Blog Categories","default":true},{"type":"checkbox","id":"show_footer_tweets","label":"Enable Latest Tweets"},{"type":"text","id":"tweet_heading","label":"Heading"},{"type":"textarea","id":"tweet_embcode","label":"Embed Code","info":"[How to create latest tweets script](http:\/\/docs.shopify.com\/manual\/configuration\/store-customization\/social-media\/twitter\/how-do-i-embed-a-twitter-feed-in-my-shop)"}]},{"name":"Site-cookie","settings":[{"type":"color","id":"cookie_bg","label":"Background Color","default":"#fff"},{"type":"select","id":"cookie_style","label":"Cookie Position","options":[{"value":"full_bottom","label":"Display On Bottom Footer"},{"value":"bottom_to_right","label":"Display On Right Fix"},{"value":"bottom_to_left","label":"Display On Left Fix"},{"value":"bottom_fix","label":"Display On Bottom Fix"}]},{"type":"textarea","id":"cookie_desc","label":"Cookie Description","default":"By continuing use this site, you agree to the"},{"type":"color","id":"cookie_txt_clr","label":"Cookie Description text color","default":"#111"},{"type":"text","id":"link_title","label":"Link Title","default":"Privacy Policy"},{"type":"url","id":"link_url","label":"Add Link"},{"type":"color","id":"cookie_txt_link_clr","label":"Cookie Link text color"},{"type":"color","id":"cookie_txt_link_hvrclr","label":"Cookie Link text hover color"},{"type":"text","id":"c_btn_txt","label":"Button Text","default":"ok"},{"type":"color","id":"btn_bg_clr","label":"Button Background color","default":"#111"},{"type":"color","id":"btn_txt_clr","label":"Button Text color","default":"#fff"},{"type":"color","id":"btn_bg_hvr_clr","label":"Button Background Hover color","default":"#333"},{"type":"color","id":"btn_txt_hvr_clr","label":"Button Text hover color","default":"#fff"}]},{"name":"Footer","settings":[{"type":"select","id":"footer_style_1","label":"Footer Style","options":[{"value":"style_1","label":"Footer 1"},{"value":"style_2","label":"Footer 2"},{"value":"style_3","label":"Footer 3"}]}]},{"name":"Social media","settings":[{"type":"header","content":"Accounts"},{"type":"text","id":"social_twitter_link","label":"Twitter","info":"https:\/\/twitter.com\/shopify"},{"type":"text","id":"social_facebook_link","label":"Facebook","info":"https:\/\/www.facebook.com\/shopify"},{"type":"text","id":"social_pinterest_link","label":"Pinterest","info":"https:\/\/www.pinterest.com\/shopify"},{"type":"text","id":"social_instagram_link","label":"Instagram","info":"https:\/\/instagram.com\/shopify"},{"type":"text","id":"social_tumblr_link","label":"Tumblr","info":"http:\/\/shopify.tumblr.com"},{"type":"text","id":"social_snapchat_link","label":"Snapchat","info":"https:\/\/www.snapchat.com\/add\/shopify"},{"type":"text","id":"social_youtube_link","label":"YouTube","info":"https:\/\/www.youtube.com\/user\/shopify"},{"type":"text","id":"social_vimeo_link","label":"Vimeo","info":"https:\/\/vimeo.com\/shopify"},{"type":"text","id":"social_fancy_link","label":"Fancy","info":"http:\/\/fancy.com\/shopify"},{"type":"header","content":"Sharing"},{"type":"checkbox","id":"share_facebook","label":"Share on Facebook"},{"type":"checkbox","id":"share_twitter","label":"Tweet on Twitter"},{"type":"checkbox","id":"share_google","label":"Pin on google"},{"type":"checkbox","id":"share_pinterest","label":"Pin on Pinterest"},{"type":"checkbox","id":"share_instagram","label":"Pin on instagram"},{"type":"checkbox","id":"share_whatsapp","label":"Pin on whatsapp"}]}]